Time (s),ESC signal (µs),Servo 1 (µs),Servo 2 (µs),Servo 3 (µs),AccX (g),AccY (g),AccZ (g),Torque (N·m),Thrust (N),Voltage (V),Current (A),Motor Electrical Speed (RPM),Motor Optical Speed (RPM),Electrical Power (W),Mechanical Power (W),Motor Efficiency (%),Propeller Mech. Efficiency (N/W),Overall Efficiency (N/W),Left Load Cell (mV),Right Load Cell (mV),Thrust Load Cell (mV),Vibration (g),Burst Current Cutoff (A),Pin State 1,Pin State 2,Pin State 3,Pin State 4,Debug 0,Debug 1,Debug 2,Debug 3,App message,
0,,,,,-0.0625,-0.01171875,-0.9611328125,0.001711214062883698,0.09121579303516697,12.495090860621612,0.030734186679783976,0,0,0.2733276528929565,0,0,0,0,0.5702383660730905,-0.23177827453073144,-0.3538894664359958,0.265625,0.03504247280093847,0,0,1,1,0,0,0,0,,
0.3593069679999986,,,,,-0.0625,-0.0177734375,-0.9548828125,0.0017798762909933443,0.08856539760970374,12.495343347423315,0.032940687898459706,0,0,0.29061932402744317,0,0,0,0,0.5699290132327157,-0.2319438719523453,-0.35363920741718646,0.265625,0.03490296610760041,0,0,1,1,0,0,0,0,,
0.6111094680000038,,,,,-0.0625,-0.0205078125,-0.9515625,0.0017896632365236923,0.08683606102302616,12.494962298416437,0.03185626699679014,0,0,0.2801092147423069,0,0,0,0,0.5698511326881917,-0.23193837815338997,-0.35347591779133847,0.265625,0.034623394311695886,0,0,1,1,0,0,0,0,,
