Time (s),ESC signal (µs),Servo 1 (µs),Servo 2 (µs),Servo 3 (µs),AccX (g),AccY (g),AccZ (g),Torque (N·m),Thrust (N),Voltage (V),Current (A),Motor Electrical Speed (RPM),Motor Optical Speed (RPM),Electrical Power (W),Mechanical Power (W),Motor Efficiency (%),Propeller Mech. Efficiency (N/W),Overall Efficiency (N/W),Left Load Cell (mV),Right Load Cell (mV),Thrust Load Cell (mV),Vibration (g),Burst Current Cutoff (A),Pin State 1,Pin State 2,Pin State 3,Pin State 4,Debug 0,Debug 1,Debug 2,Debug 3,App message,
0,700,,,,-0.0625,-0.0146484375,-0.957421875,-0.0004982244850349532,-0.0037132877426050478,12.491684441873957,0,0,0,0.12132314030892015,0,0,0,0,0.5657635877405691,-0.23168218368722573,-0.37165332015708474,0.06875,0,0,0,1,1,0,0,0,0,,
0.5544717549995053,700,,,,-0.0625,-0.0115234375,-0.9609375,-0.0005466582996162153,0.00023759550450832195,12.491622426035459,0,0,0,0.12404618890066792,0,0,0,0,0.5657206282806029,-0.23134044109045968,-0.37202637549643297,0.0703125,0,0,0,1,1,0,0,0,0,,
0.9264277549994642,700,,,,-0.0625,-0.0138671875,-0.9580078125,-0.0005461118733506289,-0.014096960947274768,12.491661369117276,0,0,0,0.10453344836600216,0,0,0,0,0.5660431175807433,-0.2316216166868696,-0.37067285971602304,0.069921875,0,0.1,0,1,1,0,0,0,0,,
1.2806922549994664,700,,,,-0.0625,-0.0130859375,-0.9587890625,-0.0005165439497191312,-0.02537619977919273,12.491202141382713,0,0,0,0.10745831442973927,0,0,0,0,0.5660227650189444,-0.2317901292467615,-0.36960783703454936,0.06875,0,0,0,1,1,0,0,0,0,,
