Time (s),ESC signal (µs),Servo 1 (µs),Servo 2 (µs),Servo 3 (µs),AccX (g),AccY (g),AccZ (g),Torque (N·m),Thrust (N),Voltage (V),Current (A),Motor Electrical Speed (RPM),Motor Optical Speed (RPM),Electrical Power (W),Mechanical Power (W),Motor Efficiency (%),Propeller Mech. Efficiency (N/W),Overall Efficiency (N/W),Vibration (g),App message,
0,2300,,,,-0.0625,-0.0080078125,-0.9619140625,0.0008568898328635522,0.16939318691755395,0.0008613365214491754,0,0,0,0,0,0,0,0,0.07265625,,
0.36195406000013464,2300,,,,-0.0625,-0.015234375,-0.9556640625,0.0008258556195586983,0.1732750948639572,0.0011807781412963676,0,0,0,0,0,0,0,0,0.0720703125,,
0.6129925600001356,2300,,,,-0.0625,-0.00546875,-0.9650390625,0.0008080760080472658,0.17285199495602685,0.0010631434626097733,0,0,0,0,0,0,0,0,0.071484375,,
0.8619475600001636,2300,,,,-0.0625,-0.0109375,-0.959765625,0.0008091647691702324,0.16923578335609082,0.0011051310973576403,-0.004803449701487673,0,0,0,0,0,0,0,0.072265625,,
1.1132045600001932,2300,,,,-0.0625,-0.0154296875,-0.955078125,0.0008470045195607606,0.17346763856170253,0.0009278989821008808,0,0,0,0,0,0,0,0,0.070703125,,
1.3621655600001803,2300,,,,-0.0625,-0.0078125,-0.9623046875,0.000823097990961817,0.1716049213943963,0.0009723784018904832,0,0,0,0,0,0,0,0,0.0703125,,
